,158VV48LH,,,158VV48LL,,,,,,,
Time (Seconds),3G8,SKOV-3,221,3G8,SKOV-3,221,,,,,
0.514,0.974813,1.014127,0.985564,1.016857,0.979187,0.978777,,,,,
1.014,0.985977,1.021008,0.998412,1.030196,0.975985,0.989139,,,,,
1.514,0.99487,1.017123,0.981624,1.016136,0.978813,0.97283,,,,,
2.014,0.99487,1.022823,0.977202,1.017328,0.983557,0.978777,,,,,
2.514,0.993664,1.027457,0.98428,1.014382,0.977726,0.981161,,,,,
3.014,0.993664,1.019432,0.984235,1.002194,0.980241,0.96654,,,,,
3.514,0.994215,1.014817,0.981291,0.9992,0.986074,0.955615,,,,,
4.014,0.989187,1.009041,0.979768,1.00089,0.995434,0.966611,,,,,
4.514,0.99619,1.008746,0.982209,0.999529,0.99163,0.977827,,,,,
5.014,0.993816,1.004477,0.976139,0.996368,0.998436,0.9782,,,,,
5.514,0.994513,1.008746,0.977006,0.994883,1.003971,0.984633,,,,,
6.014,0.994875,1.00377,0.973018,0.992987,1.005007,0.990648,,,,,
6.514,0.995052,0.999329,0.974454,0.991162,1.008303,0.99354,,,,,
7.014,0.995973,0.996278,0.977024,0.989295,1.010037,1.000404,,,,,
7.514,0.996307,0.995393,0.977787,0.987972,1.013561,1.004602,,,,,
8.014,0.996589,0.991165,0.981291,0.987094,1.01327,1.007698,,,,,
8.514,0.996339,0.992129,0.981976,0.985513,1.011926,1.005046,,,,,
9.014,0.99672,0.990419,0.98236,0.985569,1.012273,1.003434,,,,,
9.514,0.998671,0.988728,0.984552,0.984034,1.014363,1.000782,,,,,
10.014,0.999211,0.988277,0.983505,0.986145,1.015018,1.000243,,,,,
10.514,0.999211,0.988401,0.98472,0.987913,1.013187,1.001018,,,,,
11.014,0.997715,0.989266,0.988708,0.988462,1.015004,1.003323,,,,,
11.514,1.000972,0.988401,0.993419,0.989489,1.015413,1.004761,,,,,
12.014,1.000219,0.990419,0.992735,0.990418,1.016793,1.006394,,,,,
12.514,1.000577,0.993821,0.995681,0.993324,1.014439,1.007059,,,,,
13.014,1.000577,0.995273,0.997951,0.994295,1.014765,1.006998,,,,,
13.514,1.00104,0.994691,0.998882,0.994835,1.012595,1.00787,,,,,
14.014,1.002147,0.995393,0.998648,0.994481,1.014633,1.007749,,,,,
14.514,1.002557,0.995925,0.999182,0.995603,1.011818,1.008103,,,,,
15.014,1.002984,0.995855,1.000492,0.995817,1.010244,1.00787,,,,,
15.514,1.002686,0.995845,1.001607,0.996763,1.007924,1.008364,,,,,
16.014,1.003304,0.996278,1.005054,0.996809,1.006715,1.007916,,,,,
16.514,1.003151,0.997173,1.008459,0.997692,1.006287,1.00692,,,,,
17.014,1.003304,0.996665,1.010122,0.999097,1.003492,1.006181,,,,,
17.514,1.002842,0.998014,1.011361,1.00116,1.001212,1.00692,,,,,
18.014,1.003311,0.998766,1.012935,1.002485,1.000732,1.006998,,,,,
18.514,1.003882,0.998766,1.01301,1.003234,0.997468,1.005701,,,,,
19.014,1.003771,0.99952,1.014395,1.003543,0.996462,1.007067,,,,,
19.514,1.004237,0.99952,1.01505,1.003325,0.995786,1.00711,,,,,
20.014,1.004018,0.999291,1.017177,1.004251,0.994944,1.007749,,,,,
20.514,1.004277,0.999059,1.017432,1.003475,0.995273,1.007579,,,,,
21.014,1.004277,0.998771,1.017177,1.003768,0.996677,1.007579,,,,,
21.514,1.003953,0.999079,1.017075,1.004645,0.996913,1.007654,,,,,
22.014,1.003823,0.998845,1.017241,1.004416,0.996973,1.00777,,,,,
22.514,1.003882,0.998963,1.018125,1.003987,0.996064,1.00773,,,,,
23.014,1.00412,0.99849,1.018329,1.004977,0.995668,1.00787,,,,,
23.514,1.0042,0.997987,1.019827,1.004868,0.994325,1.00777,,,,,
24.014,1.004542,0.997982,1.019971,1.005046,0.993615,1.008103,,,,,
24.514,1.005249,0.99877,1.020121,1.005408,0.993857,1.007997,,,,,
25.014,1.005271,0.998845,1.018714,1.005671,0.994245,1.007543,,,,,
25.514,1.00531,0.999039,1.018329,1.005797,0.99324,1.007515,,,,,
26.014,1.005168,0.998874,1.018845,1.005711,0.993506,1.007696,,,,,
26.514,1.005341,0.999592,1.018408,1.005734,0.993111,1.007441,,,,,
27.014,1.00529,0.999039,1.019242,1.005869,0.993216,1.00744,,,,,
27.514,1.005555,0.998504,1.019783,1.005959,0.993189,1.007698,,,,,
28.014,1.005465,0.998822,1.019378,1.006431,0.993175,1.008052,,,,,
28.514,1.006258,0.99877,1.018714,1.007509,0.993549,1.007986,,,,,
29.014,1.006716,0.998167,4.039053,1.007631,0.994066,3.555119,,,,,
29.514,1.006798,0.998137,4.283738,1.00733,0.994609,3.500692,,,,,
31.011,1.006386,1.012578,4.11791,1.074344,1.061432,3.511024,,,,,
31.511,1.005906,0.998184,3.987185,1.171862,1.048003,3.501846,,,,,
32.011,1.057289,1.000625,4.117062,1.29983,1.044691,3.435897,,,,,
32.511,1.163432,1.010296,4.184479,1.32026,1.038298,3.464174,,,,,
33.011,1.232001,1.012889,4.18731,1.377589,1.047022,3.467645,,,,,
33.511,1.326059,1.02303,4.177192,1.415103,1.052854,3.474863,,,,,
34.011,1.435999,1.03118,4.145172,1.442381,1.054497,3.467645,,,,,
34.511,1.509407,1.034141,4.033598,1.456024,1.053412,3.457947,,,,,
35.011,1.570411,1.039698,3.98187,1.46438,1.046766,3.464174,,,,,
35.511,1.612253,1.041421,3.971148,1.478087,1.045789,3.477175,,,,,
36.011,1.648836,1.041421,3.987803,1.485496,1.045707,3.484451,,,,,
36.511,1.663957,1.042896,3.977467,1.501218,1.045379,3.502988,,,,,
37.011,1.680667,1.048214,3.960828,1.507247,1.045276,3.507402,,,,,
37.511,1.70047,1.061526,3.967185,1.516226,1.04445,3.516271,,,,,
38.011,1.717239,1.065992,3.972106,1.52133,1.04779,3.519861,,,,,
38.511,1.734276,1.069679,3.957927,1.521124,1.047701,3.528439,,,,,
39.011,1.749993,1.068512,3.949407,1.524424,1.050601,3.536696,,,,,
39.511,1.755217,1.070482,3.966048,1.522305,1.051497,3.537488,,,,,
40.011,1.763383,1.06684,3.948526,1.523946,1.05211,3.539983,,,,,
40.511,1.772182,1.068512,3.973064,1.523946,1.052542,3.550866,,,,,
41.011,1.778379,1.065843,3.987803,1.525546,1.053647,3.559559,,,,,
41.511,1.780332,1.062944,4.003493,1.523643,1.053836,3.565738,,,,,
42.011,1.784087,1.062154,4.010758,1.523946,1.05397,3.570098,,,,,
42.511,1.794152,1.060123,3.998678,1.524934,1.054665,3.565476,,,,,
43.011,1.801823,1.054937,4.009713,1.526493,1.056436,3.574362,,,,,
43.511,1.806077,1.053443,4.010758,1.52676,1.057096,3.567492,,,,,
44.011,1.811478,1.054661,4.033446,1.532794,1.058463,3.562169,,,,,
44.511,1.814349,1.054661,4.041653,1.534027,1.057235,3.562169,,,,,
45.011,1.822219,1.055382,4.037716,1.538955,1.057051,3.565476,,,,,
45.511,1.827976,1.05638,4.026,1.540395,1.057065,3.574465,,,,,
46.011,1.831294,1.05783,4.026,1.542254,1.057695,3.576719,,,,,
46.511,1.83672,1.05897,4.011197,1.547439,1.056904,3.580285,,,,,
47.011,1.842292,1.061931,4.0108,1.549894,1.057037,3.57885,,,,,
47.511,1.84954,1.06245,4.009713,1.555964,1.059791,3.581876,,,,,
48.011,1.854038,1.065561,4.0131,1.559933,1.05998,3.574465,,,,,
48.511,1.854164,1.067109,4.010758,1.560755,1.060106,3.574259,,,,,
49.011,1.858334,1.067764,3.999902,1.561978,1.060097,3.58552,,,,,
49.511,1.861647,1.069304,3.993511,1.565992,1.061176,3.589347,,,,,
50.011,1.869546,1.070552,3.999902,1.568142,1.061532,3.59938,,,,,
50.511,1.870589,1.071714,4.005778,1.573909,1.061954,3.59813,,,,,
51.011,1.872361,1.074985,4.009713,1.577375,1.061417,3.609045,,,,,
51.511,1.879162,1.076891,4.00871,1.58122,1.062081,3.609045,,,,,
52.011,1.88126,1.077812,4.015548,1.583444,1.061833,3.609045,,,,,
52.511,1.886181,1.080151,4.0131,1.585114,1.061767,3.604964,,,,,
53.011,1.890085,1.082581,4.01759,1.586914,1.061961,3.609586,,,,,
53.511,1.893098,1.085295,4.008509,1.588507,1.062203,3.609045,,,,,
54.011,1.896636,1.088409,4.017821,1.588318,1.062103,3.612535,,,,,
54.511,1.899035,1.09003,4.017223,1.589174,1.060868,3.613712,,,,,
55.011,1.901012,1.090453,4.033103,1.590116,1.059244,3.608449,,,,,
55.511,1.903548,1.094119,4.039841,1.592069,1.058525,3.610518,,,,,
56.011,1.908202,1.096688,4.043403,1.594556,1.059099,3.613712,,,,,
56.511,1.909814,1.097674,4.042999,1.594556,1.058795,3.612535,,,,,
57.011,1.910422,1.098788,4.040015,1.594936,1.058795,3.607405,,,,,
57.511,1.912145,1.101095,4.038179,1.594001,1.058388,3.609045,,,,,
58.011,1.915755,1.101691,4.039935,1.593039,1.058057,3.609045,,,,,
58.511,1.916388,1.103352,4.037716,1.594065,1.057993,3.613662,,,,,
59.011,1.918467,1.104258,4.040015,1.596338,1.060109,3.611735,,,,,
59.511,1.919957,1.103795,4.052566,1.594463,1.059565,3.609045,,,,,
60.011,1.922437,1.104921,4.044457,1.594625,1.059315,3.608449,,,,,
60.511,1.925373,1.105317,4.052566,1.594172,1.060102,3.596977,,,,,
61.011,1.926745,1.107034,4.033598,1.592596,1.060126,3.597133,,,,,
61.511,1.92814,1.107157,4.033448,1.592658,1.059862,3.604964,,,,,
62.011,1.928797,1.108578,4.032464,1.592065,1.060427,3.596362,,,,,
62.511,1.929647,1.108969,4.033449,1.591617,1.059562,3.596977,,,,,
63.011,1.931733,1.110001,4.039841,1.591683,1.058897,3.591327,,,,,
63.511,1.932443,1.110551,4.042999,1.591453,1.057271,3.58997,,,,,
64.011,1.93524,1.110665,4.042594,1.592069,1.057408,3.589851,,,,,
64.511,1.936307,1.112407,4.040015,1.591627,1.059498,3.588723,,,,,
65.011,1.937849,1.112605,4.039935,1.591453,1.061209,3.590805,,,,,
65.511,1.938357,1.113611,4.039676,1.590617,1.061407,3.588692,,,,,
66.011,1.939618,1.114439,4.039888,1.591627,1.060231,3.589227,,,,,
66.511,1.939283,1.115273,4.039676,1.5913,1.059953,3.59041,,,,,
67.011,1.940606,1.116008,4.033274,1.591263,1.060736,3.590932,,,,,
67.511,1.941784,1.11633,4.025966,1.59071,1.061232,3.590283,,,,,
68.011,1.943504,1.117249,4.025382,1.590497,1.061856,3.590283,,,,,
68.511,1.944217,1.118092,4.024891,1.590617,1.062726,3.58997,,,,,
69.011,1.946567,1.118918,4.029178,1.59026,1.062255,3.588692,,,,,
69.511,1.948523,1.119623,4.038179,1.589421,1.062371,3.588661,,,,,
70.011,1.949343,1.119987,4.038179,1.58942,1.062371,3.587216,,,,,
70.511,1.950012,1.120009,4.040015,1.589212,1.06181,3.587216,,,,,
71.011,1.952457,1.121038,4.042594,1.589174,1.061247,3.587688,,,,,
71.511,1.955004,1.120753,4.039888,1.58914,1.060824,3.586014,,,,,
72.011,1.956087,1.121118,4.035501,1.589065,1.060585,3.587216,,,,,
72.511,1.956192,1.121461,4.037253,1.588929,1.062214,3.58997,,,,,
73.011,1.956762,1.122326,4.042124,1.588577,1.063753,3.588692,,,,,
73.511,1.957014,1.121654,4.049172,1.588082,1.063596,3.589227,,,,,
74.011,1.957489,1.121153,4.047537,1.587642,1.064231,3.589732,,,,,
74.511,1.959209,1.121559,4.040874,1.58745,1.06439,3.589227,,,,,
75.011,1.960399,1.1218,4.039888,1.586795,1.064053,3.586014,,,,,
75.511,1.960965,1.122578,4.048981,1.58644,1.064799,3.588661,,,,,
76.011,1.961925,1.122808,4.059959,1.587223,1.065467,3.588723,,,,,
76.511,1.963702,1.122918,4.053794,1.586258,1.065734,3.588692,,,,,
77.011,1.964335,1.123405,4.053749,1.585701,1.065857,3.587688,,,,,
77.511,1.964869,1.123474,4.060398,1.585467,1.065468,3.586744,,,,,
78.011,1.966373,1.123485,4.054227,1.584921,1.065708,3.588175,,,,,
78.511,1.967298,1.124412,4.050393,1.58489,1.06508,3.5858,,,,,
79.011,1.966879,1.124725,4.05186,1.584631,1.064924,3.586131,,,,,
79.511,1.966554,1.125075,4.050393,1.584429,1.064355,3.587216,,,,,
80.011,1.968763,1.125449,4.059959,1.583366,1.064035,3.588723,,,,,
80.511,1.968886,1.125856,4.062785,1.583572,1.063828,3.587216,,,,,
81.011,1.969409,1.125981,4.062583,1.584507,1.063456,3.58912,,,,,
81.511,1.971034,1.12561,4.067116,1.584622,1.063408,3.586131,,,,,
82.011,1.972399,1.125813,4.065515,1.584631,1.062927,3.586741,,,,,
82.511,1.972396,1.126226,4.070026,1.583556,1.063389,3.585271,,,,,
83.011,1.97283,1.126477,4.069266,1.583622,1.063256,3.585183,,,,,
83.511,1.973346,1.126909,4.069912,1.583447,1.064018,3.58552,,,,,
84.011,1.973972,1.127497,4.073497,1.583226,1.064081,3.585087,,,,,
84.511,1.974914,1.127776,4.073797,1.583474,1.063743,3.583506,,,,,
85.011,1.976631,1.128706,4.074144,1.582453,1.063743,3.585183,,,,,
85.511,1.977779,1.128859,4.07626,1.583078,1.063376,3.584215,,,,,
86.011,1.977234,1.129039,4.079922,1.583068,1.063771,3.585183,,,,,
86.511,1.977831,1.12911,4.081377,1.582553,1.06217,3.583013,,,,,
87.011,1.978443,1.129155,4.084548,1.582545,1.063929,3.580925,,,,,
87.511,1.979936,1.129168,4.083544,1.582332,1.064665,3.579395,,,,,
88.011,1.980302,1.12949,4.083516,1.582313,1.064852,3.579395,,,,,
88.511,1.980691,1.12998,4.083454,1.582074,1.065136,3.578764,,,,,
89.011,1.981501,1.130508,4.083703,1.582172,1.066022,3.577099,,,,,
89.511,1.982611,1.130802,4.083826,1.581927,1.06736,3.573442,,,,,
90.011,1.983635,1.130941,4.084279,1.581585,1.066754,3.571092,,,,,
90.511,1.984412,1.131154,4.083623,1.580781,1.067116,3.570954,,,,,
91.011,1.985247,1.131732,4.085562,1.580157,1.067272,3.568165,,,,,
91.511,1.985174,1.132149,4.084883,1.579561,1.067722,3.567234,,,,,
92.011,1.985481,1.131934,4.092551,1.579422,1.067437,3.5678,,,,,
92.511,1.985468,1.132237,4.096546,1.579206,1.06716,3.567959,,,,,
93.011,1.985998,1.132398,4.0932,1.578821,1.067491,3.566672,,,,,
93.511,1.98716,1.132398,4.090889,1.578556,1.067433,3.567252,,,,,
94.011,1.987908,1.132504,4.084883,1.57791,1.067784,3.566661,,,,,
94.511,1.989294,1.132529,4.091736,1.57762,1.067659,3.566226,,,,,
95.011,1.989914,1.132692,4.093742,1.576873,1.068126,3.566483,,,,,
95.511,1.990996,1.133099,4.091937,1.576265,1.068434,3.567271,,,,,
96.011,1.991278,1.133431,4.095843,1.575773,1.067579,3.567234,,,,,
96.511,1.991062,1.133326,4.092715,1.575663,1.066482,3.567271,,,,,
97.011,1.991308,1.133661,4.087917,1.575307,1.06652,3.567838,,,,,
97.511,1.992023,1.133808,4.084548,1.575284,1.066366,3.567252,,,,,
98.011,1.992459,1.133908,4.084785,1.57467,1.066046,3.568165,,,,,
98.511,1.993356,1.134197,4.083703,1.573841,1.065746,3.566904,,,,,
99.011,1.99375,1.13463,4.084686,1.573725,1.064836,3.565825,,,,,
99.511,1.994104,1.134693,4.083544,1.573187,1.064673,3.565022,,,,,
100.011,1.995143,1.135042,4.08338,1.573339,1.064799,3.565825,,,,,
100.511,1.995195,1.135309,4.083826,1.573074,1.066437,3.565476,,,,,
101.011,1.995877,1.135309,4.085883,1.572805,1.066355,3.562986,,,,,
101.511,1.996482,1.135451,4.084883,1.572434,1.067996,3.562948,,,,,
102.011,1.997279,1.135608,4.085883,1.571923,1.06785,3.561101,,,,,
102.511,1.99788,1.135608,4.085223,1.571363,1.066688,3.559641,,,,,
103.011,1.999157,1.136273,4.087917,1.571239,1.067272,3.560467,,,,,
103.511,1.999762,1.136063,4.092772,1.570679,1.066863,3.561101,,,,,
104.011,2.000093,1.136037,4.092139,1.570446,1.066998,3.559674,,,,,
104.511,2.000313,1.136188,4.091475,1.569977,1.066441,3.560524,,,,,
105.011,2.000585,1.136283,4.092605,1.569762,1.066348,3.560637,,,,,
105.511,2.001001,1.136684,4.092605,1.569675,1.066473,3.560409,,,,,
106.011,2.001156,1.136663,4.093742,1.569697,1.06662,3.556869,,,,,
106.511,2.001886,1.13684,4.094303,1.568899,1.067307,3.558719,,,,,
107.011,2.002085,1.136855,4.092551,1.569309,1.066609,3.555785,,,,,
107.511,2.002139,1.13718,4.093877,1.569017,1.066031,3.556413,,,,,
108.011,2.002081,1.137454,4.092715,1.568598,1.065925,3.556869,,,,,
108.511,2.002417,1.13753,4.088408,1.568279,1.065362,3.555585,,,,,
109.011,2.002727,1.137327,4.090564,1.568257,1.066076,3.555241,,,,,
109.511,2.003339,1.13753,4.090246,1.568257,1.065421,3.552792,,,,,
110.011,2.003995,1.137234,4.0896,1.567853,1.065467,3.553253,,,,,
110.511,2.003849,1.137212,4.092659,1.567467,1.06525,3.550325,,,,,
111.011,2.004241,1.137255,4.086815,1.566822,1.065963,3.550081,,,,,
111.511,2.004473,1.137402,4.086815,1.566564,1.065263,3.551505,,,,,
112.011,2.004233,1.137289,4.085187,1.566341,1.06451,3.552032,,,,,
112.511,2.004233,1.137415,4.083703,1.566516,1.066359,3.551734,,,,,
113.011,2.004771,1.137454,4.083454,1.56653,1.065978,3.554234,,,,,
113.511,2.00482,1.137624,4.083663,1.566335,1.065978,3.55362,,,,,
114.011,2.004387,1.13761,4.083949,1.566316,1.065869,3.5511,,,,,
114.511,2.005099,1.137616,4.085997,1.565977,1.065248,3.551407,,,,,
115.011,2.005072,1.137713,4.085356,1.566,1.06478,3.551287,,,,,
115.511,2.00511,1.137924,4.085249,1.565607,1.064763,3.550213,,,,,
116.011,2.005071,1.13799,4.08578,1.565383,1.064707,3.549599,,,,,
116.511,2.004443,1.137947,4.087591,1.56537,1.065425,3.549599,,,,,
117.011,2.005071,1.137983,4.085997,1.564875,1.065051,3.547408,,,,,
117.511,2.005272,1.13797,4.084617,1.564767,1.065205,3.545246,,,,,
118.011,2.006172,1.137957,4.083386,1.564549,1.066213,3.545591,,,,,
118.511,2.005476,1.137957,4.083454,1.564549,1.066641,3.547014,,,,,
119.011,2.005773,1.13797,4.083516,1.564292,1.066562,3.549379,,,,,
119.511,2.005999,1.13812,4.083085,1.563997,1.066739,3.549093,,,,,
120.011,2.006336,1.138286,4.079398,1.563613,1.067233,3.549379,,,,,
120.511,2.006864,1.13819,4.077971,1.56356,1.067006,3.545904,,,,,
121.011,2.007266,1.13836,4.077643,1.563297,1.067352,3.543855,,,,,
121.511,2.007808,1.1383,4.078778,1.562806,1.067352,3.542761,,,,,
122.011,2.007644,1.138033,4.077311,1.562533,1.066929,3.542042,,,,,
122.511,2.007478,1.138289,4.076541,1.562464,1.066964,3.5419,,,,,
123.011,2.007808,1.138408,4.075033,1.561874,1.067005,3.541803,,,,,
123.511,2.007439,1.138228,4.072261,1.561465,1.067401,3.541515,,,,,
124.011,2.007439,1.138009,4.071075,1.561377,1.067378,3.538644,,,,,
124.511,2.006839,1.138263,4.072833,1.561191,1.067926,3.538734,,,,,
125.011,2.006893,1.138294,4.071235,1.561158,1.067472,3.539638,,,,,
125.511,2.006898,1.13836,4.071075,1.560842,1.066562,3.537802,,,,,
126.011,2.007699,1.13863,4.071075,1.56073,1.066562,3.536816,,,,,
126.511,2.007749,1.138586,4.071758,1.560511,1.066182,3.537488,,,,,
127.011,2.007211,1.1384,4.071395,1.560243,1.066513,3.536509,,,,,
127.511,2.007337,1.1386,4.071235,1.56034,1.066016,3.536294,,,,,
128.011,2.007642,1.138678,4.071235,1.560138,1.066016,3.536509,,,,,
128.511,2.006993,1.138837,4.069798,1.559576,1.065705,3.535926,,,,,
129.011,2.007361,1.139005,4.0699,1.559237,1.066101,3.535319,,,,,
129.511,2.006806,1.139005,4.069089,1.559176,1.065625,3.535182,,,,,
130.011,2.007211,1.13903,4.067646,1.559033,1.065625,3.535634,,,,,
130.511,2.007315,1.139047,4.066492,1.558784,1.066094,3.535926,,,,,
131.011,2.006499,1.139054,4.066781,1.558642,1.066025,3.536509,,,,,
131.511,2.006016,1.139206,4.06636,1.558504,1.065686,3.536207,,,,,
132.011,2.005806,1.139569,4.064242,1.558221,1.06538,3.536024,,,,,
132.511,2.005691,1.139476,4.065337,1.557963,1.065338,3.534766,,,,,
133.011,2.00582,1.139299,4.064045,1.557544,1.064166,3.534658,,,,,
133.511,2.005993,1.139187,4.0622,1.557371,1.063894,3.534658,,,,,
134.011,2.005777,1.139187,4.063782,1.556952,1.06469,3.533408,,,,,
134.511,2.006388,1.139154,4.063782,1.556805,1.064542,3.53383,,,,,
135.011,2.00648,1.13927,4.064055,1.55662,1.06429,3.534658,,,,,
135.511,2.006381,1.13927,4.063976,1.556607,1.064809,3.53493,,,,,
136.011,2.006381,1.139376,4.064055,1.556246,1.065651,3.534146,,,,,
136.511,2.006395,1.139329,4.06282,1.556268,1.066615,3.533707,,,,,
137.011,2.006209,1.139283,4.062138,1.555955,1.06612,3.532352,,,,,
137.511,2.006209,1.139317,4.061527,1.555744,1.066079,3.530086,,,,,
138.011,2.006307,1.139196,4.059638,1.555378,1.066854,3.530117,,,,,
138.511,2.006201,1.139118,4.058312,1.554603,1.066854,3.529824,,,,,
139.011,2.006016,1.13908,4.061136,1.55459,1.067127,3.529824,,,,,
139.511,2.005824,1.139048,4.057882,1.554597,1.067097,3.530028,,,,,
140.011,2.005733,1.139093,4.058062,1.554401,1.067326,3.530148,,,,,
140.511,2.005856,1.139212,4.058062,1.553944,1.067249,3.532136,,,,,
141.011,2.005996,1.139137,4.058312,1.553292,1.067297,3.533408,,,,,
141.511,2.005432,1.139187,4.055655,1.552822,1.067407,3.530148,,,,,
142.011,2.005566,1.13908,4.05924,1.552596,1.067769,3.529677,,,,,
142.511,2.006127,1.139158,4.055655,1.552416,1.068031,3.528885,,,,,
143.011,2.005993,1.139174,4.057382,1.551895,1.068302,3.528328,,,,,
143.511,2.005583,1.139096,4.056093,1.55163,1.06791,3.529159,,,,,
144.011,2.005403,1.139037,4.05549,1.551235,1.06791,3.528702,,,,,
144.511,2.005311,1.139093,4.054773,1.551235,1.06791,3.529185,,,,,
145.011,2.005025,1.139048,4.05466,1.550974,1.068498,3.529185,,,,,
145.511,2.004713,1.139048,4.054181,1.551015,1.068085,3.530117,,,,,
146.011,2.004456,1.139054,4.054181,1.550824,1.067985,3.529914,,,,,
146.511,2.004387,1.139021,4.053729,1.550526,1.067374,3.530086,,,,,
147.011,2.003849,1.138877,4.052667,1.550197,1.06784,3.528702,,,,,
147.511,2.00341,1.138722,4.05186,1.549929,1.067816,3.529009,,,,,
148.011,2.003208,1.138465,4.048084,1.549794,1.067051,3.52852,,,,,
148.511,2.003258,1.138306,4.048981,1.549574,1.067039,3.529009,,,,,
149.011,2.002727,1.138402,4.048907,1.549151,1.066708,3.52852,,,,,
149.511,2.002828,1.138386,4.048001,1.548947,1.068143,3.527839,,,,,
150.011,2.002505,1.138242,4.047852,1.54855,1.068373,3.527316,,,,,
150.511,2.002502,1.138286,4.048001,1.548644,1.068389,3.528275,,,,,
151.011,2.002253,1.138127,4.047852,1.548172,1.06828,3.527215,,,,,
151.511,2.001801,1.13802,4.045967,1.547898,1.068613,3.527293,,,,,
152.011,2.001663,1.137869,4.045383,1.547653,1.068595,3.525968,,,,,
152.511,2.001691,1.137854,4.044457,1.547441,1.069354,3.524911,,,,,
153.011,2.001591,1.137616,4.043409,1.547184,1.069238,3.52497,,,,,
153.511,2.001299,1.137535,4.043394,1.546888,1.06889,3.524503,,,,,
154.011,2.001013,1.137435,4.042686,1.546742,1.069992,3.52497,,,,,
154.511,2.000855,1.137289,4.042777,1.546541,1.070478,3.52499,,,,,
155.011,2.000328,1.137402,4.042918,1.546017,1.070952,3.52363,,,,,
155.511,1.99994,1.137186,4.042787,1.545732,1.07127,3.523392,,,,,
156.011,1.9999,1.137209,4.041108,1.545732,1.071216,3.522393,,,,,
156.511,1.999752,1.137086,4.040363,1.545732,1.070972,3.522259,,,,,
157.011,1.99911,1.136893,4.039752,1.54534,1.07134,3.523019,,,,,
157.511,1.998619,1.13704,4.040096,1.545081,1.071356,3.524651,,,,,
158.011,1.998422,1.137078,4.039752,1.544704,1.072143,3.523642,,,,,
158.511,1.997551,1.13707,4.039888,1.544428,1.072297,3.52345,,,,,
159.011,1.997237,1.136868,4.039219,1.543945,1.071975,3.522645,,,,,
159.511,1.997038,1.136819,4.03949,1.543904,1.07277,3.522645,,,,,
160.011,1.996559,1.136719,4.038723,1.54358,1.072409,3.521783,,,,,
160.511,1.99635,1.136629,4.037238,1.543212,1.072409,3.520935,,,,,
161.011,1.996139,1.13643,4.036123,1.54299,1.071976,3.521453,,,,,
161.511,1.995865,1.136595,4.033718,1.543088,1.071932,3.521783,,,,,
162.011,1.995877,1.136589,4.034881,1.542754,1.071903,3.521783,,,,,
162.511,1.996036,1.136424,4.034536,1.542349,1.071829,3.519956,,,,,
163.011,1.995709,1.136278,4.034722,1.542177,1.072518,3.519503,,,,,
163.511,1.995173,1.136269,4.034507,1.542056,1.072227,3.519458,,,,,
164.011,1.994461,1.136115,4.034436,1.541688,1.072446,3.520201,,,,,
164.511,1.994137,1.135844,4.034564,1.541301,1.072907,3.519472,,,,,
165.011,1.994104,1.135671,4.033936,1.540843,1.072505,3.51971,,,,,
165.511,1.993631,1.135506,4.033103,1.54051,1.072961,3.519956,,,,,
166.011,1.993333,1.135446,4.035021,1.540436,1.072469,3.518217,,,,,
166.511,1.992582,1.13537,4.034951,1.540241,1.072124,3.517447,,,,,
167.011,1.992135,1.13537,4.033446,1.53996,1.071571,3.51897,,,,,
167.511,1.991628,1.13521,4.032263,1.539742,1.071568,3.51752,,,,,
168.011,1.991209,1.13518,4.031231,1.539309,1.071572,3.51752,,,,,
168.511,1.990677,1.134965,4.030421,1.538966,1.072956,3.517134,,,,,
169.011,1.990519,1.134965,4.029129,1.538566,1.073192,3.516339,,,,,
169.511,1.990406,1.134812,4.029667,1.538472,1.073326,3.516746,,,,,
170.011,1.990321,1.134817,4.02908,1.538466,1.073097,3.516737,,,,,
170.511,1.989281,1.134684,4.027916,1.538349,1.073608,3.516305,,,,,
171.011,1.98876,1.134574,4.026505,1.53829,1.073104,3.516036,,,,,
171.511,1.988662,1.134492,4.025597,1.53797,1.072124,3.515384,,,,,
172.011,1.98788,1.134428,4.024287,1.537645,1.072211,3.514097,,,,,
172.511,1.987501,1.13432,4.023234,1.537545,1.07316,3.513928,,,,,
173.011,1.986783,1.134246,4.023205,1.537474,1.073694,3.513731,,,,,
173.511,1.986683,1.133986,4.022533,1.537382,1.073374,3.512158,,,,,
174.011,1.985701,1.133857,4.021282,1.537117,1.073204,3.513643,,,,,
174.511,1.985447,1.133785,4.02022,1.536975,1.072731,3.513731,,,,,
175.011,1.985027,1.133595,4.02022,1.53696,1.072373,3.512664,,,,,
175.511,1.984782,1.133569,4.018489,1.536557,1.072252,3.5125,,,,,
176.011,1.984296,1.133856,4.018786,1.536344,1.071922,3.512335,,,,,
176.511,1.983746,1.13388,4.017676,1.536262,1.072304,3.512267,,,,,
177.011,1.983585,1.133859,4.016889,1.535871,1.072376,3.511991,,,,,
177.511,1.983421,1.13386,4.016431,1.535482,1.072515,3.511175,,,,,
178.011,1.982912,1.133661,4.014617,1.535181,1.072382,3.510222,,,,,
178.511,1.982494,1.133577,4.013592,1.534871,1.071959,3.510019,,,,,
179.011,1.982266,1.133778,4.014018,1.534767,1.072231,3.510008,,,,,
179.511,1.981461,1.133525,4.014069,1.534438,1.072667,3.510019,,,,,
180.011,1.981329,1.133493,4.011877,1.534372,1.072663,3.509997,,,,,
180.511,1.980845,1.133612,4.012922,1.53391,1.072623,3.509935,,,,,
181.011,1.980482,1.13369,4.012196,1.533756,1.073017,3.50944,,,,,
181.511,1.98023,1.133539,4.010924,1.533474,1.073046,3.509811,,,,,
182.011,1.979333,1.133441,4.0108,1.533114,1.073339,3.509577,,,,,
182.511,1.979042,1.133333,4.009719,1.533212,1.072877,3.509028,,,,,
183.011,1.978605,1.133161,4.008759,1.533144,1.072478,3.50865,,,,,
183.511,1.978432,1.132913,4.008759,1.53278,1.072503,3.508818,,,,,
184.011,1.978046,1.132954,4.008522,1.532524,1.072061,3.508503,,,,,
184.511,1.977468,1.13292,4.006447,1.532394,1.072946,3.508057,,,,,
185.011,1.977324,1.132984,4.006378,1.532164,1.072774,3.507541,,,,,
185.511,1.976467,1.132965,4.005067,1.532009,1.072721,3.508349,,,,,
186.011,1.975921,1.132719,4.00391,1.531846,1.073542,3.508429,,,,,
186.511,1.975471,1.132743,4.002743,1.531598,1.074413,3.508577,,,,,
187.011,1.974954,1.132578,4.00099,1.531342,1.073939,3.507767,,,,,
187.511,1.97441,1.132529,3.999564,1.531059,1.074279,3.507401,,,,,
188.011,1.973986,1.132455,3.999048,1.530816,1.07445,3.50768,,,,,
188.511,1.973719,1.132514,3.997766,1.530495,1.073597,3.506308,,,,,
189.011,1.972935,1.132351,3.99815,1.530261,1.074383,3.50602,,,,,
189.511,1.972717,1.132238,3.996818,1.530123,1.074545,3.505807,,,,,
190.011,1.972352,1.132131,3.996191,1.5298,1.074491,3.505807,,,,,
190.511,1.971835,1.131923,3.995082,1.529449,1.074877,3.505017,,,,,
191.011,1.97129,1.131853,3.995193,1.528937,1.074618,3.505017,,,,,
191.511,1.970833,1.131632,3.99545,1.528722,1.07436,3.504104,,,,,
192.011,1.96977,1.131521,3.995663,1.528523,1.074581,3.503708,,,,,
192.511,1.96904,1.131379,3.994976,1.528486,1.074061,3.503644,,,,,
193.011,1.968349,1.131471,3.995344,1.528065,1.074097,3.503016,,,,,
193.511,1.96775,1.131363,3.994976,1.527772,1.074356,3.502597,,,,,
194.011,1.967324,1.131374,3.99436,1.527595,1.074288,3.503644,,,,,
194.511,1.966879,1.131109,3.994542,1.527262,1.074423,3.504104,,,,,
195.011,1.966492,1.131104,3.993878,1.527074,1.074666,3.504136,,,,,
195.511,1.966142,1.131037,3.993235,1.526768,1.075084,3.504015,,,,,
196.011,1.965904,1.130956,3.992236,1.52669,1.0757,3.503864,,,,,
196.511,1.965051,1.130959,3.989856,1.526409,1.07485,3.503708,,,,,
197.011,1.964508,1.130812,3.989507,1.526148,1.074186,3.50445,,,,,
197.511,1.96387,1.130784,3.989266,1.525879,1.075148,3.503818,,,,,
198.011,1.963352,1.130807,3.989136,1.525606,1.074727,3.503016,,,,,
198.511,1.962923,1.130807,3.989136,1.525549,1.074586,3.502251,,,,,
199.011,1.962416,1.13078,3.986826,1.525358,1.075056,3.501894,,,,,
199.511,1.962134,1.130807,3.987152,1.525195,1.075091,3.500853,,,,,
200.011,1.961414,1.130649,3.986826,1.525011,1.074887,3.50025,,,,,
200.511,1.960882,1.1307,3.985538,1.524755,1.075218,3.499761,,,,,
201.011,1.960422,1.130705,3.984844,1.524494,1.074715,3.50007,,,,,
201.511,1.960021,1.130577,3.985108,1.524431,1.07462,3.500204,,,,,
202.011,1.959429,1.130482,3.985078,1.524313,1.074419,3.499836,,,,,
202.511,1.959207,1.130481,3.984089,1.524046,1.075797,3.50007,,,,,
203.011,1.958498,1.130288,3.983542,1.523836,1.076378,3.499567,,,,,
203.511,1.957677,1.130208,3.983542,1.523622,1.07745,3.498289,,,,,
204.011,1.957335,1.130173,3.982494,1.523384,1.077462,3.498272,,,,,
204.511,1.956807,1.130132,3.982567,1.523313,1.077659,3.497816,,,,,
205.011,1.956397,1.130066,3.981367,1.52318,1.078049,3.496065,,,,,
205.511,1.955546,1.130047,3.978384,1.522732,1.0784,3.494504,,,,,
206.011,1.954961,1.129949,3.977816,1.522437,1.078573,3.492681,,,,,
206.511,1.954544,1.129899,3.978025,1.522165,1.078195,3.490879,,,,,
207.011,1.954243,1.129898,3.977896,1.522001,1.078211,3.49081,,,,,
207.511,1.953759,1.129904,3.977889,1.521842,1.078795,3.490587,,,,,
208.011,1.952955,1.129695,3.977841,1.521668,1.078811,3.490241,,,,,
208.511,1.952023,1.129601,3.977881,1.52124,1.078629,3.490378,,,,,
209.011,1.951748,1.129624,3.977303,1.521071,1.078622,3.489644,,,,,
209.511,1.951162,1.129616,3.976262,1.520884,1.078312,3.489644,,,,,
210.011,1.950577,1.129376,3.975883,1.520589,1.078444,3.488878,,,,,
210.511,1.949545,1.129297,3.974843,1.52046,1.078509,3.487501,,,,,
211.011,1.948796,1.129362,3.975062,1.520184,1.078839,3.487209,,,,,
211.511,1.948337,1.129264,3.974774,1.520068,1.078801,3.48615,,,,,
212.011,1.94753,1.129219,3.97373,1.519714,1.079102,3.486269,,,,,
212.511,1.947063,1.129191,3.973078,1.519401,1.079285,3.485999,,,,,
213.011,1.946487,1.129128,3.971752,1.519342,1.080317,3.484885,,,,,
213.511,1.945884,1.128952,3.971752,1.51893,1.080482,3.483648,,,,,
214.011,1.945156,1.128741,3.970453,1.518625,1.080443,3.482923,,,,,
214.511,1.944383,1.128501,3.971561,1.518261,1.079713,3.483289,,,,,
215.011,1.943636,1.128376,3.970717,1.518016,1.079838,3.482324,,,,,
215.511,1.943213,1.128309,3.971148,1.517744,1.079374,3.482159,,,,,
216.011,1.942804,1.128358,3.968812,1.517676,1.079999,3.482324,,,,,
216.511,1.942224,1.128318,3.967418,1.51743,1.080173,3.482289,,,,,
217.011,1.94154,1.128318,3.966294,1.517379,1.07974,3.481755,,,,,
217.511,1.941105,1.12822,3.965451,1.517228,1.079768,3.480451,,,,,
218.011,1.940192,1.128089,3.964666,1.517157,1.079887,3.480728,,,,,
218.511,1.93944,1.128065,3.964984,1.516916,1.080079,3.48022,,,,,
219.011,1.939002,1.128054,3.965391,1.516305,1.079785,3.479607,,,,,
219.511,1.938486,1.127959,3.964336,1.516116,1.079524,3.479417,,,,,
220.011,1.937853,1.127693,3.963633,1.51601,1.079402,3.478982,,,,,
220.511,1.937231,1.127671,3.963413,1.515599,1.07925,3.478982,,,,,
221.011,1.93651,1.12755,3.962232,1.51548,1.078964,3.477531,,,,,
221.511,1.935799,1.127495,3.961098,1.515347,1.07859,3.477516,,,,,
222.011,1.935267,1.127432,3.961712,1.515023,1.078623,3.477531,,,,,
222.511,1.934631,1.127372,3.960817,1.514904,1.079429,3.476821,,,,,
223.011,1.933977,1.127198,3.960069,1.514759,1.079147,3.476732,,,,,
223.511,1.933267,1.127163,3.960242,1.514477,1.079498,3.476554,,,,,
224.011,1.932601,1.127179,3.960805,1.514233,1.079552,3.47555,,,,,
224.511,1.931916,1.127108,3.959943,1.513872,1.079404,3.474863,,,,,
225.011,1.931647,1.127024,3.959154,1.513664,1.079812,3.474487,,,,,
225.511,1.931042,1.127024,3.958053,1.513541,1.080818,3.474501,,,,,
226.011,1.930603,1.127018,3.956973,1.513286,1.080815,3.474112,,,,,
226.511,1.929918,1.126946,3.955743,1.513058,1.080507,3.474682,,,,,
227.011,1.929322,1.126851,3.954822,1.512795,1.080472,3.474179,,,,,
227.511,1.928733,1.126844,3.953694,1.512502,1.080732,3.474472,,,,,
228.011,1.928272,1.126837,3.952708,1.512262,1.080452,3.474112,,,,,
228.511,1.927815,1.126677,3.951212,1.512016,1.080374,3.473491,,,,,
229.011,1.927336,1.126658,3.950812,1.511764,1.08091,3.474262,,,,,
229.511,1.92626,1.126467,3.9491,1.51149,1.080579,3.474874,,,,,
230.011,1.925651,1.126358,3.948526,1.511325,1.080649,3.473415,,,,,
230.511,1.924811,1.126337,3.947719,1.511117,1.080595,3.472647,,,,,
231.011,1.924213,1.126331,3.947164,1.510843,1.081111,3.472681,,,,,
231.511,1.92371,1.12625,3.946033,1.510585,1.081223,3.472483,,,,,
232.011,1.922834,1.126011,3.945746,1.51042,1.081275,3.471746,,,,,
232.511,1.922283,1.125923,3.945499,1.510309,1.081531,3.471116,,,,,
233.011,1.92155,1.125813,3.944292,1.509989,1.081923,3.469804,,,,,
233.511,1.921002,1.125746,3.943434,1.509874,1.08118,3.469978,,,,,
234.011,1.920171,1.125525,3.942891,1.509656,1.081738,3.46994,,,,,
234.511,1.919341,1.125466,3.942669,1.509356,1.081792,3.469467,,,,,
235.011,1.918528,1.125406,3.942371,1.509093,1.082758,3.469231,,,,,
235.511,1.917753,1.125364,3.941564,1.5087,1.082532,3.469095,,,,,
236.011,1.917215,1.125374,3.940379,1.50852,1.082473,3.468153,,,,,
236.511,1.916563,1.125272,3.938764,1.508359,1.081864,3.466881,,,,,
237.011,1.915829,1.125195,3.938029,1.508295,1.081401,3.466181,,,,,
237.511,1.915244,1.125116,3.937756,1.508124,1.082696,3.465111,,,,,
238.011,1.914749,1.12502,3.937268,1.508033,1.082899,3.464525,,,,,
238.511,1.914261,1.125042,3.937182,1.507908,1.08355,3.463926,,,,,
239.011,1.91338,1.124982,3.935368,1.507579,1.083789,3.463052,,,,,
239.511,1.912856,1.124826,3.935041,1.507534,1.083962,3.462561,,,,,
240.011,1.912215,1.124821,3.934218,1.507327,1.083723,3.461863,,,,,
240.511,1.911402,1.124788,3.933925,1.507175,1.084337,3.461116,,,,,
241.011,1.910924,1.124714,3.933895,1.506955,1.084821,3.460483,,,,,
241.511,1.910493,1.124685,3.932769,1.506763,1.084084,3.460232,,,,,
242.011,1.909932,1.1246,3.933114,1.506511,1.084674,3.459586,,,,,
242.511,1.90944,1.124599,3.93263,1.506214,1.085607,3.459619,,,,,
243.011,1.908735,1.124564,3.93208,1.506168,1.084904,3.459577,,,,,
243.511,1.908126,1.124488,3.931737,1.505993,1.085166,3.459496,,,,,
244.011,1.907479,1.124389,3.930624,1.505731,1.085203,3.458229,,,,,
244.511,1.906907,1.124312,3.929972,1.505523,1.084759,3.457558,,,,,
245.011,1.90634,1.124297,3.929592,1.505222,1.084923,3.45741,,,,,
245.511,1.90529,1.124195,3.929222,1.504975,1.084804,3.457558,,,,,
246.011,1.904606,1.124081,3.927284,1.504901,1.085518,3.457238,,,,,
246.511,1.903631,1.123971,3.926642,1.504773,1.08615,3.456373,,,,,
247.011,1.902928,1.123826,3.925661,1.5045,1.086202,3.455861,,,,,
247.511,1.902442,1.123771,3.924902,1.504369,1.086004,3.45516,,,,,
248.011,1.901562,1.12375,3.924902,1.504154,1.086517,3.454694,,,,,
248.511,1.901043,1.123622,3.925081,1.50405,1.086517,3.454297,,,,,
249.011,1.900331,1.1234,3.924785,1.503865,1.087283,3.454297,,,,,
249.511,1.899881,1.123254,3.923918,1.503686,1.087298,3.4542,,,,,
250.011,1.899437,1.122966,3.92404,1.503479,1.087319,3.453268,,,,,
250.511,1.898774,1.122694,3.923004,1.503269,1.086789,3.452805,,,,,
251.011,1.897985,1.122534,3.922908,1.503027,1.086059,3.452616,,,,,
251.511,1.897235,1.122441,3.922038,1.502858,1.086388,3.452375,,,,,
252.011,1.896897,1.122354,3.922133,1.502741,1.086519,3.450974,,,,,
252.511,1.896135,1.122335,3.922976,1.502694,1.086267,3.45158,,,,,
253.011,1.895449,1.122084,3.922038,1.502515,1.086279,3.45098,,,,,
253.511,1.894476,1.12192,3.919948,1.502225,1.086287,3.450977,,,,,
254.011,1.89359,1.121809,3.918975,1.502071,1.086756,3.450853,,,,,
254.511,1.892699,1.121722,3.918228,1.501795,1.087367,3.45098,,,,,
255.011,1.892021,1.121507,3.918182,1.501526,1.087684,3.451534,,,,,
255.511,1.891308,1.121357,3.916883,1.501518,1.087397,3.45158,,,,,
256.011,1.890167,1.12126,3.91681,1.501368,1.086578,3.452799,,,,,
256.511,1.889215,1.121091,3.915767,1.501215,1.086229,3.45246,,,,,
257.011,1.888576,1.120898,3.915767,1.500983,1.086365,3.45158,,,,,
257.511,1.887728,1.120838,3.91555,1.500881,1.085964,3.451907,,,,,
258.011,1.886728,1.12068,3.915378,1.500879,1.086552,3.451557,,,,,
258.511,1.885945,1.120704,3.914644,1.500715,1.086574,3.451534,,,,,
259.011,1.885071,1.120641,3.91459,1.500492,1.086476,3.450438,,,,,
259.511,1.884173,1.120525,3.914464,1.50042,1.087086,3.449579,,,,,
260.011,1.883297,1.120341,3.913101,1.500147,1.087138,3.449354,,,,,
260.511,1.882903,1.120312,3.911744,1.499958,1.086782,3.448714,,,,,
261.011,1.882294,1.120119,3.911302,1.499935,1.087124,3.448001,,,,,
261.511,1.881705,1.120141,3.911055,1.499743,1.086949,3.44746,,,,,
262.011,1.881001,1.120077,3.910291,1.499548,1.087762,3.44724,,,,,
262.511,1.880222,1.1199,3.9096,1.499349,1.088127,3.446347,,,,,
263.011,1.879576,1.119831,3.909141,1.499141,1.088424,3.445699,,,,,
263.511,1.879007,1.119815,3.908331,1.498941,1.087949,3.446347,,,,,
264.011,1.878326,1.119694,3.906737,1.498815,1.087897,3.445562,,,,,
264.511,1.877672,1.11965,3.905611,1.498604,1.087892,3.44476,,,,,
265.011,1.877042,1.119621,3.905131,1.498567,1.087735,3.444754,,,,,
265.511,1.876432,1.119612,3.904285,1.498381,1.088363,3.444381,,,,,
266.011,1.875754,1.119494,3.903432,1.49809,1.088003,3.444722,,,,,
266.511,1.8751,1.119423,3.903453,1.497921,1.088241,3.44444,,,,,
267.011,1.874579,1.119286,3.903003,1.49755,1.08862,3.444499,,,,,
267.511,1.874023,1.119169,3.902285,1.497285,1.088464,3.44461,,,,,
268.011,1.873586,1.119036,3.901512,1.49729,1.089346,3.444722,,,,,
268.511,1.872941,1.11896,3.901156,1.497134,1.088955,3.44444,,,,,
269.011,1.872302,1.118772,3.900393,1.496995,1.088669,3.443268,,,,,
269.511,1.871503,1.11858,3.899479,1.496856,1.088587,3.442907,,,,,
270.011,1.870874,1.118464,3.899059,1.496836,1.088223,3.44315,,,,,
,1.870399,1.118388,3.899025,1.496804,1.08842,3.442925,,,,,
,1.869459,1.11825,3.898191,1.4967,1.088598,3.44315,,,,,
,1.868919,1.118208,3.89678,1.496595,1.088763,3.443222,,,,,
,1.868018,1.118114,3.896191,1.496344,1.088576,3.442989,,,,,
,1.867352,1.117976,3.896431,1.496232,1.089064,3.442641,,,,,
,1.866858,1.117835,3.896434,1.495883,1.089077,3.441999,,,,,
,1.86609,1.117731,3.895655,1.49561,1.08915,3.441773,,,,,
,1.865404,1.117476,3.894866,1.495432,1.089152,3.440656,,,,,
,1.864773,1.117518,3.894445,1.495281,1.089217,3.440491,,,,,
,1.864216,1.117572,3.892573,1.495165,1.088923,3.44018,,,,,
,1.863287,1.117509,3.891715,1.494886,1.088651,3.4407,,,,,
,1.862398,1.117453,3.891445,1.49468,1.08864,3.440336,,,,,
,1.8616,1.117561,3.890403,1.494545,1.088577,3.439911,,,,,
,1.860762,1.117458,3.890053,1.494311,1.089079,3.438694,,,,,
,1.860123,1.117387,3.889743,1.494115,1.089635,3.438187,,,,,
,1.859191,1.117282,3.888319,1.49381,1.089701,3.438572,,,,,
,1.858412,1.117244,3.888133,1.493805,1.089419,3.438798,,,,,
,1.857608,1.117133,3.887726,1.493702,1.089623,3.438294,,,,,
,1.857094,1.116996,3.887818,1.493422,1.090072,3.438187,,,,,
,1.856484,1.116897,3.887415,1.493166,1.090094,3.438229,,,,,
,1.855789,1.116787,3.887415,1.493137,1.090017,3.438242,,,,,
,1.855052,1.116759,3.887415,1.492992,1.089515,3.438187,,,,,
,1.854382,1.116578,3.88654,1.49292,1.09017,3.437736,,,,,
,1.853631,1.116473,3.885716,1.492737,1.089966,3.437515,,,,,
,1.852967,1.116487,3.885699,1.492525,1.089413,3.437135,,,,,
,1.852033,1.116467,3.884578,1.492357,1.090085,3.435579,,,,,
,1.851416,1.11637,3.884414,1.492163,1.090218,3.435077,,,,,
,1.850621,1.116375,3.883718,1.492015,1.090203,3.434165,,,,,
,1.850003,1.11626,3.883342,1.491728,1.090193,3.433166,,,,,
,1.849377,1.116257,3.88263,1.491654,1.090447,3.432872,,,,,
,1.848915,1.116205,3.881615,1.491438,1.090642,3.432162,,,,,
,1.848172,1.116092,3.880254,1.491297,1.090551,3.431839,,,,,
,1.847531,1.116048,3.880089,1.491153,1.090634,3.431634,,,,,
,1.846882,1.116008,3.879879,1.491137,1.090803,3.430623,,,,,
,1.84635,1.115911,3.878595,1.49097,1.090637,3.429443,,,,,
,1.845859,1.115862,3.877241,1.490779,1.090579,3.428972,,,,,
,1.845157,1.115857,3.876771,1.490635,1.090095,3.428732,,,,,
,1.84449,1.115783,3.875939,1.490409,1.088885,3.428732,,,,,
,1.843684,1.115663,3.875063,1.490258,1.088807,3.428343,,,,,
,1.843114,1.115583,3.874718,1.489993,1.088835,3.427735,,,,,
,1.842462,1.115445,3.87314,1.489867,1.089805,3.427723,,,,,
,1.841926,1.11532,3.87258,1.489752,1.089719,3.426507,,,,,
,1.841219,1.115179,3.872089,1.48973,1.089546,3.426211,,,,,
,1.840533,1.115042,3.871479,1.489296,1.089742,3.425347,,,,,
,1.83984,1.114956,3.87005,1.489287,1.089726,3.424361,,,,,
,1.839206,1.114766,3.869618,1.489232,1.090383,3.424618,,,,,
,1.838478,1.114569,3.869292,1.489114,1.090266,3.423542,,,,,
,1.837893,1.114506,3.868147,1.488984,1.090175,3.423246,,,,,
,1.837313,1.114423,3.866405,1.488797,1.090377,3.423025,,,,,
,1.836521,1.114316,3.866171,1.48867,1.089918,3.422452,,,,,
,1.83587,1.114191,3.865866,1.488464,1.090406,3.422032,,,,,
,1.835151,1.113928,3.864755,1.488412,1.090413,3.420274,,,,,
,1.834444,1.113864,,1.488178,1.089754,3.420274,,,,,
,1.833638,1.113777,,1.487989,1.089551,3.420274,,,,,
,1.832948,1.113631,,1.487791,1.090015,3.420274,,,,,
,1.832215,1.113575,,1.487611,1.090241,3.420274,,,,,
,1.831735,1.113504,,1.487578,1.089592,,,,,,
,1.830996,1.113504,,1.48743,1.08989,,,,,,
,1.830176,1.113398,,1.487272,1.090282,,,,,,
,,,,,1.08982,,,,,,
,,,,,1.089271,,,,,,
,,,,,1.089487,,,,,,
,,,,,1.090227,,,,,,
,,,,,1.08949,,,,,,
,,,,,,,,,,,
,,,,,,,,,,,
,,,,,,,,,,,
,,,,,,,,,,,
,,,,,,,,,,,
,,,,,,,,,,,
,,,,,,,,,,,
,,,,,,,,,,,
,,,,,,,,,,,
,,,,,,,,,,,
,,,,,,,,,,,
,,,,,,,,,,,
,,,,,,,,,,,
,,,,,,,,,,,
,,,,,,,,,,,
,,,,,,,,,,,
,,,,,,,,,,,
,,,,,,,,,,,
,,,,,,,,,,,
,,,,,,,,,,,
,,,,,,,,,,,
,,,,,,,,,,,
,,,,,,,,,,,
,,,,,,,,,,,
,,,,,,,,,,,
,,,,,,,,,,,
,,,,,,,,,,,
,,,,,,,,,,,
,,,,,,,,,,,
,,,,,,,,,,,
,,,,,,,,,,,
,,,,,,,,,,,
,,,,,,,,,,,
,,,,,,,,,,,
,,,,,,,,,,,
,,,,,,,,,,,
,,,,,,,,,,,
,,,,,,,,,,,
,,,,,,,,,,,
,,,,,,,,,,,
,,,,,,,,,,,
,,,,,,,,,,,
,,,,,,,,,,,
,,,,,,,,,,,
,,,,,,,,,,,
,,,,,,,,,,,
,,,,,,,,,,,
,,,,,,,,,,,
,,,,,,,,,,,
,,,,,,,,,,,
,,,,,,,,,,,
,,,,,,,,,,,
,,,,,,,,,,,
,,,,,,,,,,,
,,,,,,,,,,,
,,,,,,,,,,,
,,,,,,,,,,,
,,,,,,,,,,,
,,,,,,,,,,,
,,,,,,,,,,,
,,,,,,,,,,,
,,,,,,,,,,,
,,,,,,,,,,,
,,,,,,,,,,,
,,,,,,,,,,,
,,,,,,,,,,,
,,,,,,,,,,,
,,,,,,,,,,,
,,,,,,,,,,,
,,,,,,,,,,,
,,,,,,,,,,,
,,,,,,,,,,,
,,,,,,,,,,,
,,,,,,,,,,,
,,,,,,,,,,,
,,,,,,,,,,,
,,,,,,,,,,,
,,,,,,,,,,,
,,,,,,,,,,,
,,,,,,,,,,,
,,,,,,,,,,,
,,,,,,,,,,,
,,,,,,,,,,,
,,,,,,,,,,,
,,,,,,,,,,,
,,,,,,,,,,,
,,,,,,,,,,,
,,,,,,,,,,,
,,,,,,,,,,,
,,,,,,,,,,,
,,,,,,,,,,,
,,,,,,,,,,,
,,,,,,,,,,,
,,,,,,,,,,,
,,,,,,,,,,,
,,,,,,,,,,,
,,,,,,,,,,,
,,,,,,,,,,,
,,,,,,,,,,,
,,,,,,,,,,,
,,,,,,,,,,,
,,,,,,,,,,,
,,,,,,,,,,,
,,,,,,,,,,,
,,,,,,,,,,,
,,,,,,,,,,,
,,,,,,,,,,,
,,,,,,,,,,,
,,,,,,,,,,,
,,,,,,,,,,,
,,,,,,,,,,,
,,,,,,,,,,,
,,,,,,,,,,,
,,,,,,,,,,,
,,,,,,,,,,,
,,,,,,,,,,,
,,,,,,,,,,,
,,,,,,,,,,,
,,,,,,,,,,,
,,,,,,,,,,,
,,,,,,,,,,,
,,,,,,,,,,,
,,,,,,,,,,,
,,,,,,,,,,,
,,,,,,,,,,,
,,,,,,,,,,,
,,,,,,,,,,,
,,,,,,,,,,,
,,,,,,,,,,,
,,,,,,,,,,,
,,,,,,,,,,,
,,,,,,,,,,,
,,,,,,,,,,,
,,,,,,,,,,,
,,,,,,,,,,,
,,,,,,,,,,,
,,,,,,,,,,,
,,,,,,,,,,,
,,,,,,,,,,,
,,,,,,,,,,,
,,,,,,,,,,,
,,,,,,,,,,,
,,,,,,,,,,,
,,,,,,,,,,,
,,,,,,,,,,,
,,,,,,,,,,,
,,,,,,,,,,,
,,,,,,,,,,,
,,,,,,,,,,,
,,,,,,,,,,,
,,,,,,,,,,,
,,,,,,,,,,,
,,,,,,,,,,,
,,,,,,,,,,,
,,,,,,,,,,,
,,,,,,,,,,,
,,,,,,,,,,,
,,,,,,,,,,,
,,,,,,,,,,,
,,,,,,,,,,,
,,,,,,,,,,,
,,,,,,,,,,,
,,,,,,,,,,,
,,,,,,,,,,,
,,,,,,,,,,,
,,,,,,,,,,,
,,,,,,,,,,,
,,,,,,,,,,,
,,,,,,,,,,,
,,,,,,,,,,,
,,,,,,,,,,,
,,,,,,,,,,,
,,,,,,,,,,,
,,,,,,,,,,,
,,,,,,,,,,,
,,,,,,,,,,,
,,,,,,,,,,,
,,,,,,,,,,,
,,,,,,,,,,,
,,,,,,,,,,,
,,,,,,,,,,,
,,,,,,,,,,,
,,,,,,,,,,,
,,,,,,,,,,,
,,,,,,,,,,,
,,,,,,,,,,,
,,,,,,,,,,,
,,,,,,,,,,,
,,,,,,,,,,,
,,,,,,,,,,,
,,,,,,,,,,,
,,,,,,,,,,,
,,,,,,,,,,,
,,,,,,,,,,,
,,,,,,,,,,,
,,,,,,,,,,,
,,,,,,,,,,,
,,,,,,,,,,,
,,,,,,,,,,,
,,,,,,,,,,,
,,,,,,,,,,,
,,,,,,,,,,,
,,,,,,,,,,,
,,,,,,,,,,,
,,,,,,,,,,,
,,,,,,,,,,,
,,,,,,,,,,,
,,,,,,,,,,,
,,,,,,,,,,,
,,,,,,,,,,,
,,,,,,,,,,,
,,,,,,,,,,,
,,,,,,,,,,,
,,,,,,,,,,,
,,,,,,,,,,,
,,,,,,,,,,,
,,,,,,,,,,,
,,,,,,,,,,,
,,,,,,,,,,,
,,,,,,,,,,,
,,,,,,,,,,,
,,,,,,,,,,,
,,,,,,,,,,,
,,,,,,,,,,,
,,,,,,,,,,,
,,,,,,,,,,,
,,,,,,,,,,,
,,,,,,,,,,,
,,,,,,,,,,,
,,,,,,,,,,,
,,,,,,,,,,,
,,,,,,,,,,,
,,,,,,,,,,,
,,,,,,,,,,,
,,,,,,,,,,,
,,,,,,,,,,,
,,,,,,,,,,,
,,,,,,,,,,,
,,,,,,,,,,,
,,,,,,,,,,,
,,,,,,,,,,,
,,,,,,,,,,,
,,,,,,,,,,,
,,,,,,,,,,,
,,,,,,,,,,,
,,,,,,,,,,,
,,,,,,,,,,,
,,,,,,,,,,,
,,,,,,,,,,,
,,,,,,,,,,,
,,,,,,,,,,,
,,,,,,,,,,,
,,,,,,,,,,,
,,,,,,,,,,,
,,,,,,,,,,,
,,,,,,,,,,,
,,,,,,,,,,,
,,,,,,,,,,,
,,,,,,,,,,,
,,,,,,,,,,,
,,,,,,,,,,,
,,,,,,,,,,,
,,,,,,,,,,,
,,,,,,,,,,,
,,,,,,,,,,,
,,,,,,,,,,,
,,,,,,,,,,,
,,,,,,,,,,,
,,,,,,,,,,,
,,,,,,,,,,,
,,,,,,,,,,,
,,,,,,,,,,,
,,,,,,,,,,,
,,,,,,,,,,,
,,,,,,,,,,,
,,,,,,,,,,,
,,,,,,,,,,,
,,,,,,,,,,,
,,,,,,,,,,,
,,,,,,,,,,,
,,,,,,,,,,,
,,,,,,,,,,,
,,,,,,,,,,,
,,,,,,,,,,,
,,,,,,,,,,,
,,,,,,,,,,,
,,,,,,,,,,,
,,,,,,,,,,,
,,,,,,,,,,,
,,,,,,,,,,,
,,,,,,,,,,,
,,,,,,,,,,,
,,,,,,,,,,,
,,,,,,,,,,,
,,,,,,,,,,,
,,,,,,,,,,,
,,,,,,,,,,,
,,,,,,,,,,,
,,,,,,,,,,,
,,,,,,,,,,,
,,,,,,,,,,,
,,,,,,,,,,,
,,,,,,,,,,,
,,,,,,,,,,,
,,,,,,,,,,,
,,,,,,,,,,,
,,,,,,,,,,,
,,,,,,,,,,,
,,,,,,,,,,,
,,,,,,,,,,,
,,,,,,,,,,,
,,,,,,,,,,,
,,,,,,,,,,,
,,,,,,,,,,,
,,,,,,,,,,,
,,,,,,,,,,,
,,,,,,,,,,,
,,,,,,,,,,,
,,,,,,,,,,,
,,,,,,,,,,,
,,,,,,,,,,,
,,,,,,,,,,,
,,,,,,,,,,,
,,,,,,,,,,,
,,,,,,,,,,,
,,,,,,,,,,,
,,,,,,,,,,,
,,,,,,,,,,,
,,,,,,,,,,,
,,,,,,,,,,,
,,,,,,,,,,,
,,,,,,,,,,,
,,,,,,,,,,,
,,,,,,,,,,,
,,,,,,,,,,,
,,,,,,,,,,,
,,,,,,,,,,,
,,,,,,,,,,,
,,,,,,,,,,,
,,,,,,,,,,,
,,,,,,,,,,,
,,,,,,,,,,,
,,,,,,,,,,,
,,,,,,,,,,,
,,,,,,,,,,,
,,,,,,,,,,,
,,,,,,,,,,,
,,,,,,,,,,,
,,,,,,,,,,,
,,,,,,,,,,,
,,,,,,,,,,,
,,,,,,,,,,,
,,,,,,,,,,,
,,,,,,,,,,,
,,,,,,,,,,,
,,,,,,,,,,,
,,,,,,,,,,,
,,,,,,,,,,,
,,,,,,,,,,,
,,,,,,,,,,,
,,,,,,,,,,,
,,,,,,,,,,,
,,,,,,,,,,,
,,,,,,,,,,,
,,,,,,,,,,,
,,,,,,,,,,,
,,,,,,,,,,,
,,,,,,,,,,,
,,,,,,,,,,,
,,,,,,,,,,,
,,,,,,,,,,,
,,,,,,,,,,,
,,,,,,,,,,,
,,,,,,,,,,,
,,,,,,,,,,,
,,,,,,,,,,,
,,,,,,,,,,,
,,,,,,,,,,,
,,,,,,,,,,,
,,,,,,,,,,,
,,,,,,,,,,,
,,,,,,,,,,,
,,,,,,,,,,,
,,,,,,,,,,,
,,,,,,,,,,,
,,,,,,,,,,,
,,,,,,,,,,,
,,,,,,,,,,,
,,,,,,,,,,,
,,,,,,,,,,,
,,,,,,,,,,,
,,,,,,,,,,,
,,,,,,,,,,,
,,,,,,,,,,,
,,,,,,,,,,,
,,,,,,,,,,,
,,,,,,,,,,,
,,,,,,,,,,,
,,,,,,,,,,,
,,,,,,,,,,,
,,,,,,,,,,,
,,,,,,,,,,,
,,,,,,,,,,,
,,,,,,,,,,,
,,,,,,,,,,,
,,,,,,,,,,,
,,,,,,,,,,,
,,,,,,,,,,,
,,,,,,,,,,,
,,,,,,,,,,,
,,,,,,,,,,,
,,,,,,,,,,,
,,,,,,,,,,,
,,,,,,,,,,,
,,,,,,,,,,,
,,,,,,,,,,,
,,,,,,,,,,,
,,,,,,,,,,,
,,,,,,,,,,,
,,,,,,,,,,,
,,,,,,,,,,,
,,,,,,,,,,,
,,,,,,,,,,,
,,,,,,,,,,,
,,,,,,,,,,,
,,,,,,,,,,,
,,,,,,,,,,,
,,,,,,,,,,,
,,,,,,,,,,,
,,,,,,,,,,,
,,,,,,,,,,,
,,,,,,,,,,,
,,,,,,,,,,,
,,,,,,,,,,,
,,,,,,,,,,,
,,,,,,,,,,,
,,,,,,,,,,,
,,,,,,,,,,,
,,,,,,,,,,,
,,,,,,,,,,,
,,,,,,,,,,,
,,,,,,,,,,,
,,,,,,,,,,,
,,,,,,,,,,,
,,,,,,,,,,,
,,,,,,,,,,,
,,,,,,,,,,,
,,,,,,,,,,,
,,,,,,,,,,,
,,,,,,,,,,,
,,,,,,,,,,,
,,,,,,,,,,,
,,,,,,,,,,,
,,,,,,,,,,,
,,,,,,,,,,,
,,,,,,,,,,,
,,,,,,,,,,,
,,,,,,,,,,,
,,,,,,,,,,,
,,,,,,,,,,,
,,,,,,,,,,,
,,,,,,,,,,,
,,,,,,,,,,,
,,,,,,,,,,,
,,,,,,,,,,,
,,,,,,,,,,,
,,,,,,,,,,,
,,,,,,,,,,,
,,,,,,,,,,,
,,,,,,,,,,,
,,,,,,,,,,,
,,,,,,,,,,,
,,,,,,,,,,,
,,,,,,,,,,,
,,,,,,,,,,,
,,,,,,,,,,,
,,,,,,,,,,,
,,,,,,,,,,,
,,,,,,,,,,,
,,,,,,,,,,,
,,,,,,,,,,,
,,,,,,,,,,,
,,,,,,,,,,,
,,,,,,,,,,,
,,,,,,,,,,,
,,,,,,,,,,,
,,,,,,,,,,,
,,,,,,,,,,,
,,,,,,,,,,,
,,,,,,,,,,,
,,,,,,,,,,,
,,,,,,,,,,,
,,,,,,,,,,,
,,,,,,,,,,,
,,,,,,,,,,,
,,,,,,,,,,,
,,,,,,,,,,,
,,,,,,,,,,,
,,,,,,,,,,,
,,,,,,,,,,,
,,,,,,,,,,,
,,,,,,,,,,,
,,,,,,,,,,,
,,,,,,,,,,,
,,,,,,,,,,,
,,,,,,,,,,,
,,,,,,,,,,,
,,,,,,,,,,,
,,,,,,,,,,,
,,,,,,,,,,,
,,,,,,,,,,,
,,,,,,,,,,,
,,,,,,,,,,,
,,,,,,,,,,,
,,,,,,,,,,,
,,,,,,,,,,,
,,,,,,,,,,,
,,,,,,,,,,,
,,,,,,,,,,,
,,,,,,,,,,,
,,,,,,,,,,,
,,,,,,,,,,,
,,,,,,,,,,,
,,,,,,,,,,,
,,,,,,,,,,,
,,,,,,,,,,,
,,,,,,,,,,,
,,,,,,,,,,,
,,,,,,,,,,,
,,,,,,,,,,,
,,,,,,,,,,,
,,,,,,,,,,,
,,,,,,,,,,,
,,,,,,,,,,,
,,,,,,,,,,,
,,,,,,,,,,,
,,,,,,,,,,,
,,,,,,,,,,,
,,,,,,,,,,,
,,,,,,,,,,,
,,,,,,,,,,,
,,,,,,,,,,,
,,,,,,,,,,,
,,,,,,,,,,,
,,,,,,,,,,,
,,,,,,,,,,,
,,,,,,,,,,,
,,,,,,,,,,,
,,,,,,,,,,,
,,,,,,,,,,,
,,,,,,,,,,,
,,,,,,,,,,,
,,,,,,,,,,,
,,,,,,,,,,,
,,,,,,,,,,,
,,,,,,,,,,,
,,,,,,,,,,,
,,,,,,,,,,,
,,,,,,,,,,,
,,,,,,,,,,,
,,,,,,,,,,,
,,,,,,,,,,,
,,,,,,,,,,,
,,,,,,,,,,,
,,,,,,,,,,,
,,,,,,,,,,,
,,,,,,,,,,,
,,,,,,,,,,,
,,,,,,,,,,,
,,,,,,,,,,,
,,,,,,,,,,,
,,,,,,,,,,,
,,,,,,,,,,,
,,,,,,,,,,,
,,,,,,,,,,,
,,,,,,,,,,,
,,,,,,,,,,,
,,,,,,,,,,,
,,,,,,,,,,,
,,,,,,,,,,,
,,,,,,,,,,,
,,,,,,,,,,,
,,,,,,,,,,,
,,,,,,,,,,,
,,,,,,,,,,,
,,,,,,,,,,,
,,,,,,,,,,,
,,,,,,,,,,,
,,,,,,,,,,,
,,,,,,,,,,,
,,,,,,,,,,,
,,,,,,,,,,,
,,,,,,,,,,,
,,,,,,,,,,,
,,,,,,,,,,,
,,,,,,,,,,,
,,,,,,,,,,,
,,,,,,,,,,,
,,,,,,,,,,,
,,,,,,,,,,,
,,,,,,,,,,,
,,,,,,,,,,,
,,,,,,,,,,,
,,,,,,,,,,,
,,,,,,,,,,,
,,,,,,,,,,,
,,,,,,,,,,,
,,,,,,,,,,,
,,,,,,,,,,,
,,,,,,,,,,,
,,,,,,,,,,,
,,,,,,,,,,,
,,,,,,,,,,,
,,,,,,,,,,,
,,,,,,,,,,,
,,,,,,,,,,,
,,,,,,,,,,,
,,,,,,,,,,,
,,,,,,,,,,,
,,,,,,,,,,,
,,,,,,,,,,,
,,,,,,,,,,,
,,,,,,,,,,,
,,,,,,,,,,,
,,,,,,,,,,,
,,,,,,,,,,,
,,,,,,,,,,,
,,,,,,,,,,,
,,,,,,,,,,,
,,,,,,,,,,,
,,,,,,,,,,,
,,,,,,,,,,,
,,,,,,,,,,,
,,,,,,,,,,,
,,,,,,,,,,,
,,,,,,,,,,,
,,,,,,,,,,,
,,,,,,,,,,,
,,,,,,,,,,,
,,,,,,,,,,,
,,,,,,,,,,,
,,,,,,,,,,,
,,,,,,,,,,,
,,,,,,,,,,,
,,,,,,,,,,,
,,,,,,,,,,,
,,,,,,,,,,,
,,,,,,,,,,,
,,,,,,,,,,,
,,,,,,,,,,,
,,,,,,,,,,,
,,,,,,,,,,,
,,,,,,,,,,,
,,,,,,,,,,,
,,,,,,,,,,,
,,,,,,,,,,,
,,,,,,,,,,,
,,,,,,,,,,,
,,,,,,,,,,,
,,,,,,,,,,,
,,,,,,,,,,,
,,,,,,,,,,,
,,,,,,,,,,,
,,,,,,,,,,,
,,,,,,,,,,,
,,,,,,,,,,,
,,,,,,,,,,,
,,,,,,,,,,,
,,,,,,,,,,,
,,,,,,,,,,,
,,,,,,,,,,,
,,,,,,,,,,,
,,,,,,,,,,,
,,,,,,,,,,,
,,,,,,,,,,,
,,,,,,,,,,,
,,,,,,,,,,,
,,,,,,,,,,,
,,,,,,,,,,,
,,,,,,,,,,,
,,,,,,,,,,,
,,,,,,,,,,,
,,,,,,,,,,,
,,,,,,,,,,,
,,,,,,,,,,,
,,,,,,,,,,,
,,,,,,,,,,,
,,,,,,,,,,,
,,,,,,,,,,,
,,,,,,,,,,,
,,,,,,,,,,,
,,,,,,,,,,,
,,,,,,,,,,,
,,,,,,,,,,,
,,,,,,,,,,,
,,,,,,,,,,,
,,,,,,,,,,,
,,,,,,,,,,,
,,,,,,,,,,,
,,,,,,,,,,,
,,,,,,,,,,,
,,,,,,,,,,,
,,,,,,,,,,,
,,,,,,,,,,,
,,,,,,,,,,,
,,,,,,,,,,,
,,,,,,,,,,,
,,,,,,,,,,,
,,,,,,,,,,,
,,,,,,,,,,,
,,,,,,,,,,,
,,,,,,,,,,,
,,,,,,,,,,,
,,,,,,,,,,,
,,,,,,,,,,,
,,,,,,,,,,,
,,,,,,,,,,,
,,,,,,,,,,,
,,,,,,,,,,,
,,,,,,,,,,,
,,,,,,,,,,,
,,,,,,,,,,,
,,,,,,,,,,,
,,,,,,,,,,,
,,,,,,,,,,,
,,,,,,,,,,,
,,,,,,,,,,,
,,,,,,,,,,,
,,,,,,,,,,,
,,,,,,,,,,,
,,,,,,,,,,,
,,,,,,,,,,,
,,,,,,,,,,,
,,,,,,,,,,,
,,,,,,,,,,,
,,,,,,,,,,,
,,,,,,,,,,,
,,,,,,,,,,,
,,,,,,,,,,,
,,,,,,,,,,,
,,,,,,,,,,,
,,,,,,,,,,,
,,,,,,,,,,,
,,,,,,,,,,,
,,,,,,,,,,,
,,,,,,,,,,,
,,,,,,,,,,,
,,,,,,,,,,,
,,,,,,,,,,,
,,,,,,,,,,,
,,,,,,,,,,,
,,,,,,,,,,,
,,,,,,,,,,,
,,,,,,,,,,,
,,,,,,,,,,,
,,,,,,,,,,,
,,,,,,,,,,,
,,,,,,,,,,,
,,,,,,,,,,,
,,,,,,,,,,,
,,,,,,,,,,,
,,,,,,,,,,,
,,,,,,,,,,,
,,,,,,,,,,,
,,,,,,,,,,,
,,,,,,,,,,,
,,,,,,,,,,,
,,,,,,,,,,,
,,,,,,,,,,,
,,,,,,,,,,,
,,,,,,,,,,,
,,,,,,,,,,,
,,,,,,,,,,,
,,,,,,,,,,,
,,,,,,,,,,,
,,,,,,,,,,,
,,,,,,,,,,,
,,,,,,,,,,,
,,,,,,,,,,,
,,,,,,,,,,,
,,,,,,,,,,,
,,,,,,,,,,,
,,,,,,,,,,,
,,,,,,,,,,,
,,,,,,,,,,,
,,,,,,,,,,,
,,,,,,,,,,,
,,,,,,,,,,,
,,,,,,,,,,,
,,,,,,,,,,,
,,,,,,,,,,,
,,,,,,,,,,,
,,,,,,,,,,,
,,,,,,,,,,,
,,,,,,,,,,,
,,,,,,,,,,,
,,,,,,,,,,,
,,,,,,,,,,,
,,,,,,,,,,,
,,,,,,,,,,,
,,,,,,,,,,,
,,,,,,,,,,,
,,,,,,,,,,,
,,,,,,,,,,,
,,,,,,,,,,,
,,,,,,,,,,,
,,,,,,,,,,,
,,,,,,,,,,,
,,,,,,,,,,,
,,,,,,,,,,,
,,,,,,,,,,,
,,,,,,,,,,,
,,,,,,,,,,,
,,,,,,,,,,,
,,,,,,,,,,,
,,,,,,,,,,,
,,,,,,,,,,,
,,,,,,,,,,,
,,,,,,,,,,,
,,,,,,,,,,,
,,,,,,,,,,,
,,,,,,,,,,,
,,,,,,,,,,,
,,,,,,,,,,,
,,,,,,,,,,,
,,,,,,,,,,,
,,,,,,,,,,,
,,,,,,,,,,,
,,,,,,,,,,,
,,,,,,,,,,,
,,,,,,,,,,,
,,,,,,,,,,,
,,,,,,,,,,,
,,,,,,,,,,,
,,,,,,,,,,,
,,,,,,,,,,,
,,,,,,,,,,,
,,,,,,,,,,,
,,,,,,,,,,,
,,,,,,,,,,,
,,,,,,,,,,,
,,,,,,,,,,,
,,,,,,,,,,,
,,,,,,,,,,,
,,,,,,,,,,,
,,,,,,,,,,,
,,,,,,,,,,,
,,,,,,,,,,,
,,,,,,,,,,,
,,,,,,,,,,,
,,,,,,,,,,,
,,,,,,,,,,,
,,,,,,,,,,,
,,,,,,,,,,,
,,,,,,,,,,,
,,,,,,,,,,,
,,,,,,,,,,,
,,,,,,,,,,,
,,,,,,,,,,,
,,,,,,,,,,,
,,,,,,,,,,,
,,,,,,,,,,,
,,,,,,,,,,,
,,,,,,,,,,,
,,,,,,,,,,,
,,,,,,,,,,,
,,,,,,,,,,,
,,,,,,,,,,,
,,,,,,,,,,,
,,,,,,,,,,,
,,,,,,,,,,,
,,,,,,,,,,,
,,,,,,,,,,,
,,,,,,,,,,,
,,,,,,,,,,,
,,,,,,,,,,,
,,,,,,,,,,,
,,,,,,,,,,,
,,,,,,,,,,,
,,,,,,,,,,,
,,,,,,,,,,,
,,,,,,,,,,,
,,,,,,,,,,,
,,,,,,,,,,,
,,,,,,,,,,,
,,,,,,,,,,,
,,,,,,,,,,,
,,,,,,,,,,,
,,,,,,,,,,,
,,,,,,,,,,,
,,,,,,,,,,,
,,,,,,,,,,,
,,,,,,,,,,,
,,,,,,,,,,,
,,,,,,,,,,,
,,,,,,,,,,,
,,,,,,,,,,,
,,,,,,,,,,,
,,,,,,,,,,,
,,,,,,,,,,,
,,,,,,,,,,,
,,,,,,,,,,,
,,,,,,,,,,,
,,,,,,,,,,,
,,,,,,,,,,,
,,,,,,,,,,,
,,,,,,,,,,,
,,,,,,,,,,,
,,,,,,,,,,,
,,,,,,,,,,,
,,,,,,,,,,,
,,,,,,,,,,,
,,,,,,,,,,,
,,,,,,,,,,,
,,,,,,,,,,,
,,,,,,,,,,,
,,,,,,,,,,,
,,,,,,,,,,,
,,,,,,,,,,,
,,,,,,,,,,,
,,,,,,,,,,,
,,,,,,,,,,,
,,,,,,,,,,,
,,,,,,,,,,,
,,,,,,,,,,,
,,,,,,,,,,,
,,,,,,,,,,,
,,,,,,,,,,,
,,,,,,,,,,,
,,,,,,,,,,,
,,,,,,,,,,,
,,,,,,,,,,,
,,,,,,,,,,,
,,,,,,,,,,,
,,,,,,,,,,,
,,,,,,,,,,,
,,,,,,,,,,,
,,,,,,,,,,,
,,,,,,,,,,,
,,,,,,,,,,,
,,,,,,,,,,,
,,,,,,,,,,,
,,,,,,,,,,,
,,,,,,,,,,,
,,,,,,,,,,,
,,,,,,,,,,,
,,,,,,,,,,,
,,,,,,,,,,,
,,,,,,,,,,,
,,,,,,,,,,,
,,,,,,,,,,,
,,,,,,,,,,,
,,,,,,,,,,,
,,,,,,,,,,,
,,,,,,,,,,,
,,,,,,,,,,,
,,,,,,,,,,,
,,,,,,,,,,,
,,,,,,,,,,,
,,,,,,,,,,,
,,,,,,,,,,,
,,,,,,,,,,,
,,,,,,,,,,,
,,,,,,,,,,,
,,,,,,,,,,,
,,,,,,,,,,,
,,,,,,,,,,,
,,,,,,,,,,,
,,,,,,,,,,,
,,,,,,,,,,,
,,,,,,,,,,,
,,,,,,,,,,,
,,,,,,,,,,,
,,,,,,,,,,,
,,,,,,,,,,,
,,,,,,,,,,,
,,,,,,,,,,,
,,,,,,,,,,,
,,,,,,,,,,,
,,,,,,,,,,,
,,,,,,,,,,,
,,,,,,,,,,,
,,,,,,,,,,,
,,,,,,,,,,,
,,,,,,,,,,,
,,,,,,,,,,,
,,,,,,,,,,,
,,,,,,,,,,,
,,,,,,,,,,,
,,,,,,,,,,,
,,,,,,,,,,,
,,,,,,,,,,,
,,,,,,,,,,,
,,,,,,,,,,,
,,,,,,,,,,,
,,,,,,,,,,,
,,,,,,,,,,,
,,,,,,,,,,,
,,,,,,,,,,,
,,,,,,,,,,,
,,,,,,,,,,,
,,,,,,,,,,,
,,,,,,,,,,,
,,,,,,,,,,,
,,,,,,,,,,,
,,,,,,,,,,,
,,,,,,,,,,,
,,,,,,,,,,,
,,,,,,,,,,,
,,,,,,,,,,,
,,,,,,,,,,,
,,,,,,,,,,,
,,,,,,,,,,,
,,,,,,,,,,,
,,,,,,,,,,,
,,,,,,,,,,,
,,,,,,,,,,,
,,,,,,,,,,,
,,,,,,,,,,,
,,,,,,,,,,,
,,,,,,,,,,,
,,,,,,,,,,,
,,,,,,,,,,,
,,,,,,,,,,,
,,,,,,,,,,,
,,,,,,,,,,,
,,,,,,,,,,,
,,,,,,,,,,,
,,,,,,,,,,,
,,,,,,,,,,,
,,,,,,,,,,,
,,,,,,,,,,,
,,,,,,,,,,,
,,,,,,,,,,,
,,,,,,,,,,,
,,,,,,,,,,,
,,,,,,,,,,,
,,,,,,,,,,,
,,,,,,,,,,,
,,,,,,,,,,,
,,,,,,,,,,,
,,,,,,,,,,,
,,,,,,,,,,,
,,,,,,,,,,,
,,,,,,,,,,,
,,,,,,,,,,,
,,,,,,,,,,,
,,,,,,,,,,,
,,,,,,,,,,,
,,,,,,,,,,,
,,,,,,,,,,,
,,,,,,,,,,,
,,,,,,,,,,,
,,,,,,,,,,,
,,,,,,,,,,,
,,,,,,,,,,,
,,,,,,,,,,,
,,,,,,,,,,,
,,,,,,,,,,,
,,,,,,,,,,,
,,,,,,,,,,,
,,,,,,,,,,,
,,,,,,,,,,,
,,,,,,,,,,,
,,,,,,,,,,,
,,,,,,,,,,,
,,,,,,,,,,,
,,,,,,,,,,,
,,,,,,,,,,,
,,,,,,,,,,,
,,,,,,,,,,,
,,,,,,,,,,,
,,,,,,,,,,,
,,,,,,,,,,,
,,,,,,,,,,,
,,,,,,,,,,,
,,,,,,,,,,,
,,,,,,,,,,,
,,,,,,,,,,,
,,,,,,,,,,,
,,,,,,,,,,,
,,,,,,,,,,,
,,,,,,,,,,,
,,,,,,,,,,,
,,,,,,,,,,,
,,,,,,,,,,,
,,,,,,,,,,,
,,,,,,,,,,,
,,,,,,,,,,,
,,,,,,,,,,,
,,,,,,,,,,,
,,,,,,,,,,,
,,,,,,,,,,,
,,,,,,,,,,,
,,,,,,,,,,,
,,,,,,,,,,,
,,,,,,,,,,,
,,,,,,,,,,,
,,,,,,,,,,,
,,,,,,,,,,,
,,,,,,,,,,,
,,,,,,,,,,,
,,,,,,,,,,,
,,,,,,,,,,,
,,,,,,,,,,,
,,,,,,,,,,,
,,,,,,,,,,,
,,,,,,,,,,,
,,,,,,,,,,,
,,,,,,,,,,,
,,,,,,,,,,,
,,,,,,,,,,,
,,,,,,,,,,,
,,,,,,,,,,,
,,,,,,,,,,,
,,,,,,,,,,,
,,,,,,,,,,,
,,,,,,,,,,,
,,,,,,,,,,,
,,,,,,,,,,,
,,,,,,,,,,,
,,,,,,,,,,,
,,,,,,,,,,,
,,,,,,,,,,,
,,,,,,,,,,,
,,,,,,,,,,,
,,,,,,,,,,,
,,,,,,,,,,,
,,,,,,,,,,,
,,,,,,,,,,,
,,,,,,,,,,,
,,,,,,,,,,,
,,,,,,,,,,,
,,,,,,,,,,,
,,,,,,,,,,,
,,,,,,,,,,,
,,,,,,,,,,,
,,,,,,,,,,,
,,,,,,,,,,,
,,,,,,,,,,,
,,,,,,,,,,,
,,,,,,,,,,,
,,,,,,,,,,,
,,,,,,,,,,,
,,,,,,,,,,,
,,,,,,,,,,,
,,,,,,,,,,,
,,,,,,,,,,,
,,,,,,,,,,,
,,,,,,,,,,,
,,,,,,,,,,,
,,,,,,,,,,,
,,,,,,,,,,,
,,,,,,,,,,,
,,,,,,,,,,,
,,,,,,,,,,,
,,,,,,,,,,,
,,,,,,,,,,,
,,,,,,,,,,,
,,,,,,,,,,,
,,,,,,,,,,,
,,,,,,,,,,,
,,,,,,,,,,,
,,,,,,,,,,,
,,,,,,,,,,,
,,,,,,,,,,,
,,,,,,,,,,,
,,,,,,,,,,,
,,,,,,,,,,,
,,,,,,,,,,,
,,,,,,,,,,,
,,,,,,,,,,,
,,,,,,,,,,,
,,,,,,,,,,,
,,,,,,,,,,,
,,,,,,,,,,,
,,,,,,,,,,,
,,,,,,,,,,,
,,,,,,,,,,,
,,,,,,,,,,,
,,,,,,,,,,,
,,,,,,,,,,,
,,,,,,,,,,,
,,,,,,,,,,,
,,,,,,,,,,,
,,,,,,,,,,,
,,,,,,,,,,,
,,,,,,,,,,,
,,,,,,,,,,,
,,,,,,,,,,,
,,,,,,,,,,,
,,,,,,,,,,,
,,,,,,,,,,,
,,,,,,,,,,,
,,,,,,,,,,,
,,,,,,,,,,,
,,,,,,,,,,,
,,,,,,,,,,,
,,,,,,,,,,,
,,,,,,,,,,,
,,,,,,,,,,,
,,,,,,,,,,,
,,,,,,,,,,,
,,,,,,,,,,,
,,,,,,,,,,,
,,,,,,,,,,,
,,,,,,,,,,,
,,,,,,,,,,,
,,,,,,,,,,,
,,,,,,,,,,,
,,,,,,,,,,,
,,,,,,,,,,,
,,,,,,,,,,,
,,,,,,,,,,,
,,,,,,,,,,,
,,,,,,,,,,,
,,,,,,,,,,,
,,,,,,,,,,,
,,,,,,,,,,,
,,,,,,,,,,,
,,,,,,,,,,,
,,,,,,,,,,,
,,,,,,,,,,,
,,,,,,,,,,,
,,,,,,,,,,,
,,,,,,,,,,,
,,,,,,,,,,,
,,,,,,,,,,,
,,,,,,,,,,,
,,,,,,,,,,,
,,,,,,,,,,,
,,,,,,,,,,,
,,,,,,,,,,,
,,,,,,,,,,,
,,,,,,,,,,,
,,,,,,,,,,,
,,,,,,,,,,,
,,,,,,,,,,,
,,,,,,,,,,,
,,,,,,,,,,,
,,,,,,,,,,,
,,,,,,,,,,,
,,,,,,,,,,,
,,,,,,,,,,,
,,,,,,,,,,,
,,,,,,,,,,,
,,,,,,,,,,,
,,,,,,,,,,,
,,,,,,,,,,,
,,,,,,,,,,,
,,,,,,,,,,,
,,,,,,,,,,,
,,,,,,,,,,,
,,,,,,,,,,,
,,,,,,,,,,,
,,,,,,,,,,,
,,,,,,,,,,,
,,,,,,,,,,,
,,,,,,,,,,,
,,,,,,,,,,,
,,,,,,,,,,,
,,,,,,,,,,,
,,,,,,,,,,,
,,,,,,,,,,,
,,,,,,,,,,,
,,,,,,,,,,,
,,,,,,,,,,,
,,,,,,,,,,,
,,,,,,,,,,,
,,,,,,,,,,,
,,,,,,,,,,,
,,,,,,,,,,,
,,,,,,,,,,,
,,,,,,,,,,,
,,,,,,,,,,,
,,,,,,,,,,,
,,,,,,,,,,,
,,,,,,,,,,,
,,,,,,,,,,,
,,,,,,,,,,,
,,,,,,,,,,,
,,,,,,,,,,,
,,,,,,,,,,,
,,,,,,,,,,,
,,,,,,,,,,,
,,,,,,,,,,,
,,,,,,,,,,,
,,,,,,,,,,,
,,,,,,,,,,,
,,,,,,,,,,,
,,,,,,,,,,,
,,,,,,,,,,,
,,,,,,,,,,,
,,,,,,,,,,,
,,,,,,,,,,,
,,,,,,,,,,,
,,,,,,,,,,,
,,,,,,,,,,,
,,,,,,,,,,,
,,,,,,,,,,,
,,,,,,,,,,,
,,,,,,,,,,,
,,,,,,,,,,,
,,,,,,,,,,,
,,,,,,,,,,,
,,,,,,,,,,,
,,,,,,,,,,,
,,,,,,,,,,,
,,,,,,,,,,,
,,,,,,,,,,,
,,,,,,,,,,,
,,,,,,,,,,,
,,,,,,,,,,,
,,,,,,,,,,,
,,,,,,,,,,,
,,,,,,,,,,,
,,,,,,,,,,,
,,,,,,,,,,,
,,,,,,,,,,,
,,,,,,,,,,,
,,,,,,,,,,,
,,,,,,,,,,,
,,,,,,,,,,,
,,,,,,,,,,,
,,,,,,,,,,,
,,,,,,,,,,,
,,,,,,,,,,,
,,,,,,,,,,,
,,,,,,,,,,,
,,,,,,,,,,,
,,,,,,,,,,,
,,,,,,,,,,,
,,,,,,,,,,,
,,,,,,,,,,,
,,,,,,,,,,,
,,,,,,,,,,,
,,,,,,,,,,,
,,,,,,,,,,,
,,,,,,,,,,,
,,,,,,,,,,,
,,,,,,,,,,,
,,,,,,,,,,,
,,,,,,,,,,,
,,,,,,,,,,,
,,,,,,,,,,,
,,,,,,,,,,,
,,,,,,,,,,,
,,,,,,,,,,,
,,,,,,,,,,,
,,,,,,,,,,,
,,,,,,,,,,,
,,,,,,,,,,,
,,,,,,,,,,,
,,,,,,,,,,,
,,,,,,,,,,,
,,,,,,,,,,,
,,,,,,,,,,,
,,,,,,,,,,,
,,,,,,,,,,,
,,,,,,,,,,,
,,,,,,,,,,,
,,,,,,,,,,,
,,,,,,,,,,,
,,,,,,,,,,,
,,,,,,,,,,,
,,,,,,,,,,,
,,,,,,,,,,,
,,,,,,,,,,,
,,,,,,,,,,,
,,,,,,,,,,,
,,,,,,,,,,,
,,,,,,,,,,,
,,,,,,,,,,,
,,,,,,,,,,,
,,,,,,,,,,,
,,,,,,,,,,,
,,,,,,,,,,,
,,,,,,,,,,,
,,,,,,,,,,,
,,,,,,,,,,,
,,,,,,,,,,,
,,,,,,,,,,,
,,,,,,,,,,,
,,,,,,,,,,,
,,,,,,,,,,,
,,,,,,,,,,,
,,,,,,,,,,,
,,,,,,,,,,,
,,,,,,,,,,,
,,,,,,,,,,,
,,,,,,,,,,,
,,,,,,,,,,,
,,,,,,,,,,,
,,,,,,,,,,,
,,,,,,,,,,,
,,,,,,,,,,,
,,,,,,,,,,,
,,,,,,,,,,,
,,,,,,,,,,,
,,,,,,,,,,,
,,,,,,,,,,,
,,,,,,,,,,,
,,,,,,,,,,,
,,,,,,,,,,,
,,,,,,,,,,,
,,,,,,,,,,,
,,,,,,,,,,,
,,,,,,,,,,,
,,,,,,,,,,,
,,,,,,,,,,,
,,,,,,,,,,,
,,,,,,,,,,,
,,,,,,,,,,,
,,,,,,,,,,,
,,,,,,,,,,,
,,,,,,,,,,,
,,,,,,,,,,,
,,,,,,,,,,,
,,,,,,,,,,,
,,,,,,,,,,,
,,,,,,,,,,,
,,,,,,,,,,,
,,,,,,,,,,,
,,,,,,,,,,,
,,,,,,,,,,,
,,,,,,,,,,,
,,,,,,,,,,,
,,,,,,,,,,,
,,,,,,,,,,,
,,,,,,,,,,,
,,,,,,,,,,,
,,,,,,,,,,,
,,,,,,,,,,,
,,,,,,,,,,,
,,,,,,,,,,,
,,,,,,,,,,,
,,,,,,,,,,,
,,,,,,,,,,,
,,,,,,,,,,,
,,,,,,,,,,,
,,,,,,,,,,,
,,,,,,,,,,,
,,,,,,,,,,,
,,,,,,,,,,,
,,,,,,,,,,,
,,,,,,,,,,,
,,,,,,,,,,,
,,,,,,,,,,,
,,,,,,,,,,,
,,,,,,,,,,,
,,,,,,,,,,,
,,,,,,,,,,,
,,,,,,,,,,,
,,,,,,,,,,,
,,,,,,,,,,,
,,,,,,,,,,,
,,,,,,,,,,,
,,,,,,,,,,,
,,,,,,,,,,,
,,,,,,,,,,,
,,,,,,,,,,,
,,,,,,,,,,,
,,,,,,,,,,,
,,,,,,,,,,,
,,,,,,,,,,,
,,,,,,,,,,,
,,,,,,,,,,,
,,,,,,,,,,,
,,,,,,,,,,,
,,,,,,,,,,,
,,,,,,,,,,,
,,,,,,,,,,,
,,,,,,,,,,,
,,,,,,,,,,,
,,,,,,,,,,,
,,,,,,,,,,,
,,,,,,,,,,,
,,,,,,,,,,,
,,,,,,,,,,,
,,,,,,,,,,,
,,,,,,,,,,,
,,,,,,,,,,,
,,,,,,,,,,,
